{"type":"CatalogGroup","code":"Root","description":"Root","children":[{"type":"CatalogGroup","code":"000000","description":"PROCUREMENT AND CONTRACTING REQUIREMENTS","children":[],"type":"Group"},{"type":"CatalogGroup","code":"010000","description":"GENERAL REQUIREMENTS","children":[],"type":"Group"},{"type":"CatalogGroup","code":"020000","description":"EXISTING CONDITIONS","children":[{"type":"CatalogGroup","code":"020100","description":"Maintenance of Existing Conditions","children":[{"type":"CatalogGroup","code":"020150","description":"Maintenance of Site Remediation","children":[],"type":"Group"},{"type":"CatalogGroup","code":"020165","description":"Maintenance of Underground Storage Tank Removal","children":[],"type":"Group"},{"type":"CatalogGroup","code":"020180","description":"Maintenance of Facility Remediation","children":[],"type":"Group"},{"type":"CatalogGroup","code":"020186","description":"Maintenance of Hazardous Waste Drum Handling","children":[],"type":"Group"}],"type":"Group"},{"type":"CatalogGroup","code":"020500","description":"Common Work Results for Existing Conditions","children":[{"type":"CatalogGroup","code":"020519","description":"Geosynthetics for Existing Conditions","children":[{"type":"CatalogMaterial","code":"02 05 19.13","description":"Geotextiles for Existing Conditions","type":"Area","color":16777215},{"type":"CatalogMaterial","code":"02 05 19.16","description":"Geomembranes for Existing Conditions","type":"Area","color":3355647},{"type":"CatalogMaterial","code":"02 05 19.19","description":"Geogrids for Existing Conditions","type":"Area","color":441273855}],"type":"Group"}],"type":"Group"},{"type":"CatalogGroup","code":"206000","description":"Schedules for Existing Conditions","children":[{"type":"CatalogGroup","code":"02 06 30","description":"Schedules for Subsurface Investigations","children":[],"type":"Group"},{"type":"CatalogGroup","code":"02 06 50","description":"Schedules for Site Remediation","children":[],"type":"Group"},{"type":"CatalogGroup","code":"02 06 65","description":"Schedules for Underground Storage Tank Removal","children":[],"type":"Group"},{"type":"CatalogGroup","code":"02 06 80","description":"Schedules for Facility Remediation","children":[],"type":"Group"},{"type":"CatalogGroup","code":"02 06 86","description":"Schedules for Hazardous Waste Drum Handling","children":[],"type":"Group"}],"type":"Group"},{"type":"CatalogGroup","code":"02 08 00","description":"Commissioning of Existing Conditions","children":[],"type":"Group"},{"type":"CatalogGroup","code":"021000","description":"Unassigned","children":[],"type":"Group"},{"type":"CatalogGroup","code":"022000","description":"ASSESSMENT","children":[{"type":"CatalogGroup","code":"02 21 00","description":"Surveys","children":[{"type":"CatalogGroup","code":"02 21 13","description":"Site Surveys","children":[{"type":"CatalogMaterial","code":"02 21 13.13","description":"Boundary and Survey Markers","type":"Linear","color":441273855},{"type":"CatalogGroup","code":"02 21 16","description":"Measured Drawings","children":[],"type":"Group"}],"type":"Group"}],"type":"Group"},{"type":"CatalogGroup","code":"022200","description":"Existing Conditions Assessment","children":[{"type":"CatalogGroup","code":"02 22 13","description":"Movement and Vibration Assessment","children":[],"type":"Group"},{"type":"CatalogGroup","code":"02 22 16","description":"Acoustic Assessment","children":[],"type":"Group"},{"type":"CatalogGroup","code":"02 22 19","description":"Traffic Assessment","children":[],"type":"Group"},{"type":"CatalogGroup","code":"02 22 23","description":"Accessibility Assessment","children":[],"type":"Group"}],"type":"Group"}],"type":"Group"}],"type":"Group"},{"type":"CatalogGroup","code":"030000","description":"CONCRETE","children":[{"type":"CatalogGroup","code":"030100","description":"Maintenance of Concrete","children":[{"type":"CatalogGroup","code":"030110","description":"Maintenance of Concrete Forming and Accessories","children":[],"type":"Group"},{"type":"CatalogGroup","code":"030120","description":"Maintenance of Concrete Reinforcing","children":[],"type":"Group"},{"type":"CatalogGroup","code":"030123","description":"Maintenance of Stressing Tendons","children":[],"type":"Group"},{"type":"CatalogGroup","code":"030130","description":"Maintenance of Cast-in-Place Concrete","children":[{"type":"CatalogMaterial","code":"030130.51","description":"Cleaning of Cast-in-Place Concrete","type":"Linear","color":441273855},{"type":"CatalogMaterial","code":"030130.61","description":"Resurfacing of Cast-in-Place Concrete","type":"Linear","color":441273855},{"type":"CatalogMaterial","code":"030130.71","description":"Rehabilitation of Cast-in-Place Concrete","type":"Linear","color":441273855},{"type":"CatalogMaterial","code":"030130.72","description":"Strengthening of Cast-in-Place Concrete","type":"Linear","color":441273855}],"type":"Group"},{"type":"CatalogGroup","code":"030140","description":"Maintenance of Precast Concrete","children":[{"type":"CatalogMaterial","code":"030140.51","description":"Cleaning of Precast Concrete","type":"Linear","color":441273855},{"type":"CatalogMaterial","code":"030140.61","description":"Resurfacing of Precast Concrete","type":"Linear","color":441273855},{"type":"CatalogMaterial","code":"030140.71","description":"Rehabilitation of Precast Concrete","type":"Linear","color":441273855},{"type":"CatalogMaterial","code":"030140.72","description":"Strengthening of Precast Concrete","type":"Linear","color":441273855}],"type":"Group"},{"type":"CatalogGroup","code":"030160","description":"Maintenance of Grouting","children":[],"type":"Group"},{"type":"CatalogGroup","code":"030170","description":"Maintenance of Mass Concrete","children":[],"type":"Group"},{"type":"CatalogGroup","code":"030180","description":"Maintenance of Concrete Cutting and Boring","children":[],"type":"Group"},{"type":"CatalogGroup","code":"302000","description":"CONCRETE REINFORCING","children":[{"type":"CatalogGroup","code":"032100","description":"Reinforcing Steel","children":[{"type":"CatalogMaterial","code":"032113","description":"Galvanized Reinforcing Steel","type":"Volume","color":441273855},{"type":"CatalogMaterial","code":"032116","description":"Epoxy-Coated Reinforcing Steel","type":"Volume","color":-1}],"type":"Group"}],"type":"Group"}],"type":"Group"},{"type":"CatalogGroup","code":"030600","description":"Schedules for Concrete","children":[{"type":"CatalogGroup","code":"030610","description":"Schedules for Concrete Forming and Accessories","children":[],"type":"Group"},{"type":"CatalogGroup","code":"030620","description":"Schedules for Concrete Reinforcing","children":[{"type":"CatalogMaterial","code":"030620.13","description":"Concrete Beam Reinforcing Schedule","type":"Linear","color":441273855},{"type":"CatalogMaterial","code":"030620.16","description":"Concrete Slab Reinforcing Schedule","type":"Linear","color":441273855}],"type":"Group"},{"type":"CatalogGroup","code":"030630","description":"Schedules for Cast-in-Place Concrete","children":[{"type":"CatalogMaterial","code":"030630.13","description":"Concrete Footing Schedule","type":"Linear","color":441273855},{"type":"CatalogMaterial","code":"030630.16","description":"Concrete Column Schedule","type":"Linear","color":441273855},{"type":"CatalogMaterial","code":"030630.19","description":"Concrete Slab Schedule","type":"Linear","color":441273855},{"type":"CatalogMaterial","code":"030630.23","description":"Concrete Shaft Schedule","type":"Linear","color":441273855},{"type":"CatalogMaterial","code":"030630.26","description":"Concrete Beam Schedule","type":"Linear","color":441273855}],"type":"Group"},{"type":"CatalogGroup","code":"030640","description":"Schedules for Precast Concrete","children":[{"type":"CatalogMaterial","code":"030640.13","description":"Precast Concrete Panel Schedule","type":"Linear","color":441273855}],"type":"Group"}],"type":"Group"},{"type":"CatalogGroup","code":"031000","description":"CONCRETE FORMING AND ACCESSORIES","children":[{"type":"CatalogGroup","code":"031100","description":"Concrete Forming","children":[{"type":"CatalogGroup","code":"031113","description":"Structural Cast-in-Place Concrete Forming","children":[{"type":"CatalogMaterial","code":"031113.13","description":"Concrete Slip Forming","type":"Linear","color":3355647},{"type":"CatalogMaterial","code":"031113.16","description":"Concrete Shoring","type":"Linear","color":441273855},{"type":"CatalogMaterial","code":"031113.19","description":"Falsework","type":"Linear","color":862349055}],"type":"Group"},{"type":"CatalogGroup","code":"031116","description":"Architectural Cast-in Place Concrete Forming","children":[{"type":"CatalogMaterial","code":"031116.13","description":"Concrete Form Liners","type":"Linear","color":-1714631425}],"type":"Group"},{"type":"CatalogGroup","code":"031119","description":"Insulating ConcreteForming","children":[],"type":"Group"},{"type":"CatalogGroup","code":"031123","description":"Permanent Stair Forming","children":[],"type":"Group"}],"type":"Group"},{"type":"CatalogGroup","code":"031500","description":"Concrete Accessories","children":[{"type":"CatalogGroup","code":"031513","description":"Waterstops","children":[],"type":"Group"}],"type":"Group"}],"type":"Group"},{"type":"CatalogGroup","code":"032000","description":"CONCRETE REINFORCING","children":[{"type":"CatalogGroup","code":"032100","description":"Reinforcing Steel","children":[{"type":"CatalogMaterial","code":"032113","description":"Galvanized Reinforcing Steel","type":"Volume","color":-2135706625},{"type":"CatalogMaterial","code":"032116","description":"Epoxy-Coated Reinforcing Steel","type":"Volume","color":1716368383}],"type":"Group"},{"type":"CatalogGroup","code":"032200","description":"Welded Wire Fabric Reinforcing","children":[{"type":"CatalogMaterial","code":"032213","description":"Galvanized Welded Wire Fabric Reinforcing","type":"Volume","color":1714644735},{"type":"CatalogMaterial","code":"032216","description":"Epoxy-Coated Welded Wire Fabric Reinforcing","type":"Volume","color":-1290134785}],"type":"Group"},{"type":"CatalogGroup","code":"032300","description":"Stressing Tendons","children":[],"type":"Group"},{"type":"CatalogGroup","code":"032400","description":"Fibrous Reinforcing","children":[],"type":"Group"}],"type":"Group"},{"type":"CatalogGroup","code":"030500","description":"Common Work Results for Concrete","children":[],"type":"Group"},{"type":"CatalogGroup","code":"033000","description":"CAST-IN-PLACE CONCRETE","children":[{"type":"CatalogGroup","code":"033053","description":"Miscellaneous Cast-in-Place Concrete","children":[],"type":"Group"},{"type":"CatalogGroup","code":"033100","description":"Structural Concrete","children":[{"type":"CatalogMaterial","code":"033113","description":"Heavyweight Structural Concrete","type":"Volume","color":3342591},{"type":"CatalogMaterial","code":"033116","description":"Lightweight Structural Concrete","type":"Volume","color":-2139088129},{"type":"CatalogMaterial","code":"033119","description":"Shrinkage-Compensating Structural Concrete","type":"Area","color":-859032577},{"type":"CatalogMaterial","code":"033123","description":"High-Performance Structural Concrete","type":"Volume","color":-424456705},{"type":"CatalogMaterial","code":"033126","description":"Self-Compacting Concrete","type":"Volume","color":-5019905}],"type":"Group"},{"type":"CatalogGroup","code":"033300","description":"Architectural Concrete","children":[{"type":"CatalogMaterial","code":"033313","description":"Heavyweight Architectural Concrete","type":"Volume","color":-3374849},{"type":"CatalogMaterial","code":"033316","description":"Lightweight Architectural Concrete","type":"Volume","color":-3374849}],"type":"Group"},{"type":"CatalogGroup","code":"033400","description":"Low Density Concrete","children":[],"type":"Group"},{"type":"CatalogGroup","code":"033500","description":"Concrete Finishing","children":[{"type":"CatalogMaterial","code":"033513","description":"High-Tolerance Concrete Floor Finishing","type":"Area","color":-1286792449},{"type":"CatalogMaterial","code":"033516","description":"Heavy-Duty Concrete Floor Finishing","type":"Area","color":-864013313},{"type":"CatalogMaterial","code":"033519","description":"Colored Concrete Finishing","type":"Area","color":-6710785},{"type":"CatalogGroup","code":"test","description":"123123123","children":[],"type":"Group"}],"type":"Group"}],"type":"Group"}],"type":"Group"}],"type":"Group"}